ano,campo/área_de_desenvolvimento,bacia,estado,voip_(bbl),vgip_(m³),petróleo_acumulado_(bbl),gás_natural_acumulado_(m³),fração_recuperada_de_petróleo,situação,bacia,estado,gás_natural_acumulado
2023,ABALONE,Campos,ES,15001196.85,1732809000.0,691767.4558725,73758208.33999999,0.0461141509433962,Maduro,,,
2023,ACAJÁ-BURIZINHO,Recôncavo,BA,830254.92,15452000.0,70445.872,157180.0,0.0848484848484848,Maduro,,,
2023,ACAUÃ,Potiguar,RN,3094586.52,3144000.0,88560.5248,23760.0,0.0286178861788617,Maduro,,,
2023,ÁGUA GRANDE,Recôncavo,BA,729046467.8634,14425388339.999998,320255343.14768326,15747822306.0,0.4392797404070119,Maduro,,,
2023,AGUILHADA,Sergipe,SE,30417521.160000004,62885999.99999999,1584173.0577502,4175704.36,0.0520809387923904,Maduro,,,
2023,AGULHA,Potiguar,RN,35160037.9,525076993.0,14411684.407749996,364415078.0,0.4098881932021466,Maduro,,,
2023,AGULHINHA,Sergipe,SE,41388578.86079,26176540000.0,0.0,0.0,0.0,Não Maduro,,,
2023,AGULHINHA OESTE,Sergipe,SE,12105720.55536,7656360000.0,0.0,0.0,0.0,Não Maduro,,,
2023,ALBACORA,Campos,RJ,5766380999.93849,146360709313.00003,937371774.2851118,17274350647.820007,0.1625580713960993,Maduro,,,
2023,ALBACORA LESTE,Campos,RJ,3695772849.609999,60959019260.0,412245895.9474048,8119740950.0,0.1115452471574132,Maduro,,,
2023,ALBATROZ,Espírito Santo,ES,3181241.23237,10304982.12,0.0,0.0,0.0,Não Maduro,,,
2023,ALTO DO RODRIGUES,Potiguar,RN,358714638.42537,333630000.0,58529521.144437805,64159335.07,0.1631645739392226,Maduro,,,
2023,ANAMBÉ,Alagoas,AL,31826350.542659983,1559068000.0,7040185.465165801,506807615.1700001,0.221206181202873,Maduro,,,
2023,AnC_MERO,Santos,RJ,345450548.72155,12610149748.0,3882260.1181791,251372793.48,0.0112382514155691,Não Maduro,,,
2023,AnC_NORTE_ATAPU,Santos,RJ,93972258.45457,2333690012.0,1465909.7857986,52572163.38,0.015599388690943,Não Maduro,,,
2023,AnC_TUPI,Santos,RJ,97609649.28776,3159761693.0,6904332.1105682,292425750.40000004,0.0707341145158072,Não Maduro,,,
2023,ANDORINHA,Potiguar,RN,5556920.080838,21214632.0,137009.6103699,517974.79999999993,0.0246556740742685,Não Maduro,,,
2023,ANEQUIM,Campos,RJ,48664259.970000006,602982000.0,20362071.10091,338924031.0,0.4184194132092542,Maduro,,,
2023,ANGELIM,Sergipe,SE,8863285.761500001,29989480.0,1039516.8987,5851990.0,0.1172834687577617,Maduro,,,
2023,ANGICO,Potiguar,RN,12933792.91129,30939405.0,370705.67687500006,3163007.63,0.0286617915887155,Não Maduro,,,
2023,APRAIÚS,Recôncavo,BA,24838459.69,1463752900.0,1610883.2391,71945390.0,0.0648543935173461,Maduro,,,
2023,ARABAIANA,Potiguar,RN,88849365.45482,8775529865.999998,2219553.9394252,2092997039.29,0.0249810893759713,Maduro,,,
2023,ARAÇARI,Potiguar,RN,4471467.3159498,6297003.6,122830.4287888,1130550.7700000005,0.0274698259228378,Maduro,,,
2023,ARAÇÁS,Recôncavo,BA,544839620.22828,8288955890.000001,165246486.04064432,3608867187.82,0.3032938132718917,Maduro,,,
2023,ARAÇÁS LESTE,Recôncavo,BA,38114932.2056651,689430.0,22704.956138,0.0,0.000595697140834,Não Maduro,,,
2023,ARAPAÇU,Alagoas,AL,0.0,198900000.0,0.0,107590356.71000002,0.0,Não Maduro,,,
2023,ARARA AZUL,Solimões,AM,23561263.45102,3111043900.0,4157094.4353968,1091740256.45,0.176437670417748,Não Maduro,,,
2023,ARARACANGA,Solimões,AM,3987544.55589,5993000000.0,1900251.608979,2050580211.7,0.4765468027616492,Não Maduro,,,
2023,ARATU,Recôncavo,BA,1404678.10806,1371250200.0,175693.26273,1275562450.9999998,0.125077241342253,Maduro,,,
2023,ARGONAUTA,Campos,ES,1181094231.9900002,10887010000.0,109703134.90470804,1015787390.72,0.0928826269178129,Maduro,,,
2023,ARRIBAÇÃ,Potiguar,RN,6191563.1678,19687500.0,7680.801481500001,103135.6,0.0012405270322436,Não Maduro,,,
2023,ARUARI,Sergipe,SE,3056847.66,4489250.0,416196.7277000001,603100.0,0.1361522633744856,Maduro,,,
2023,ASA BRANCA,Potiguar,RN,3343034.015,117515650.0,551364.7446000001,70487110.0,0.1649294449670743,Maduro,,,
2023,ATALAIA SUL,Sergipe,SE,11304864.2073,177858145.0,3076161.6537708,81019982.22,0.2721095625177346,Maduro,,,
2023,ATAPU,Santos,RJ,3204651710.20589,79583738958.0,85314651.995994,3004843707.1600003,0.026622129239284,Não Maduro,,,
2023,ATAPU_ECO,Santos,RJ,4908418146.02839,121894765407.0,44159770.3338749,1633228458.91,0.0089967417241349,Não Maduro,,,
2023,ATLANTA,Santos,RJ,1578830510.118687,10998037000.0,26300017.178871,186666880.6,0.0166579104028677,Não Maduro,,,
2023,ATUM,Ceará,CE,156616269.0,2457834999.9999995,39327905.01877999,1018625678.0,0.2511099598393574,Maduro,,,
2023,AZULÃO,Amazonas,AM,2652727.3675,8435000000.0,156106.35410330002,416808100.0,0.0588474925903971,Não Maduro,,,
2023,BACALHAU,Santos,SP,1941061361.78473,102459658368.0,21772.177315,1149213.0,1.1216635261330087e-05,Não Maduro,,,
2023,BACALHAU NORTE,Santos,SP,2102816474.74264,110997963232.0,29861.501956000004,1576200.0,1.420071714040318e-05,Não Maduro,,,
2023,BADEJO,Campos,RJ,1705229791.127763,8044900000.0,31507683.1056352,781513227.44,0.0184770892870675,Maduro,,,
2023,BAGRE,Campos,RJ,55356617.81,1368601520.0000002,21041760.54913,758035384.0000001,0.3801128280877173,Maduro,,,
2023,BAIXA DO ALGODÃO,Potiguar,RN,34078190.580000006,43344000.0,7097547.4002,8850020.0,0.2082724252491694,Maduro,,,
2023,BALEIA ANÃ,Campos,ES,165063483.83,1109391799.9999998,12297164.8860882,92693316.0,0.0744996082764927,Maduro,,,
2023,BARRA BONITA,Paraná,PR,6289.81,496100000.0,0.0,13560.3,0.0,Não Maduro,,,
2023,BARRA DO IPIRANGA,Espírito Santo,ES,4303412.5242800005,1999596000.0,455942.03709,1387101553.0000002,0.1059489497038825,Maduro,,,
2023,BARRACUDA,Campos,RJ,3608696719.97,46328284750.0,651936222.4573578,8866308073.57,0.1806569720446825,Maduro,,,
2023,BARRINHA,Potiguar,RN,1811465.2800000005,11621700.0,117713.0393728,996649.87,0.0649822222222222,Maduro,,,
2023,BARRINHA LESTE,Potiguar,RN,2069347.49,1865700.0,13555.987206300002,6881.420000000001,0.0065508510638297,Não Maduro,,,
2023,BARRINHA SUDOESTE,Potiguar,RN,2377548.18,4212200.0,22046.4759291,6190.389999999999,0.0092727777777777,Maduro,,,
2023,BAÚNA,Santos,SP,400304013.1806,3129828401.34,152001692.3417385,1115940093.0,0.379715634459957,Maduro,,,
2023,BELA VISTA,Recôncavo,BA,2669898.5488,49980000.00000001,170013.5643,2340000.0,0.0636779117979645,Não Maduro,,,
2023,BEM-TE-VI,Espírito Santo,ES,3610946.522108901,11481893.85,468.2134564,1717.43,0.0001296650209393,Não Maduro,,,
2023,BENFICA,Potiguar,RN,135628544.20858,1581108807.0,34204309.258558705,720982203.6900002,0.2521910815908832,Maduro,,,
2023,BERBIGÃO,Santos,RJ,2162359640.40712,25784081400.0,81345127.4941616,1133550848.85,0.0376186856127439,Não Maduro,,,
2023,BICUDO,Campos,RJ,693400598.8749863,9232665450.0,158883401.2636987,2283237886.34,0.2291365215453814,Maduro,,,
2023,BIJUPIRÁ,Campos,RJ,564837517.62,6466490000.0,100477093.157192,1188955832.97,0.1778867196721676,Maduro,,,
2023,BIQUARA,Potiguar,RN,9133112.32069,1399320000.0,125016.26356,26345029.0,0.0136882433030841,Maduro,,,
2023,BIRIBA,Recôncavo,BA,2452799.4668400004,1578336200.0,234798.6073,1248913780.0,0.0957267850365674,Maduro,,,
2023,BOA ESPERANÇA,Potiguar,RN,27588685.40231,377029240.0,5019079.685699999,174207419.99999997,0.1819252933769636,Maduro,,,
2023,BOM LUGAR,Recôncavo,BA,4190070.777061,86101000.0,314134.3080597,3433942.0,0.0749711221537026,Maduro,,,
2023,BONITO,Campos,RJ,1123914994.7396405,27986372000.000004,130930239.92682822,9058283585.63,0.1164947887870815,Maduro,,,
2023,BONSUCESSO,Recôncavo,BA,10121059.0672,58573000.0,3326837.439759501,17753277.0,0.3287044782241226,Maduro,,,
2023,BREJINHO RN,Potiguar,RN,56180582.92000001,907473940.0,10838745.25763,249349053.00000003,0.1929268920734438,Maduro,,,
2023,BREJO GRANDE,Sergipe,SE,18998748.4936,150480060.0,4949302.420503,218477052.69,0.2605067603358317,Maduro,,,
2023,BUDIÃO,Sergipe,SE,653842379.75764,73673965387.0,0.0,0.0,0.0,Não Maduro,,,
2023,BUDIÃO NOROESTE,Sergipe,SE,356568385.4285,16427584733.0,0.0,0.0,0.0,Não Maduro,,,
2023,BUDIÃO SUDESTE,Sergipe,SE,180253551.09468,38606030000.0,0.0,0.0,0.0,Não Maduro,,,
2023,BURACICA,Recôncavo,BA,627873993.44,614652000.0,196896962.614333,235244894.39,0.3135931168857189,Maduro,,,
2023,BÚZIOS,Santos,RJ,7727050454.429999,218268128010.0,562783321.024328,22147092441.04,0.0728328777381903,Não Maduro,,,
2023,BÚZIOS_ECO,Santos,RJ,21765151597.23,614806247610.0,369363780.1909645,15326376684.58,0.0169704207453336,Não Maduro,,,
2023,CABOCLINHO,Potiguar,RN,,55873700.0,,6658.4,,Maduro,,,
2023,CABOCLINHO BRANCO,Potiguar,RN,,44580000.0,,0.0,,Não Maduro,,,
2023,CABURÉ,Recôncavo,BA,180014.3622,973480000.0,48934.7218,323438000.0,0.2718378756114605,Não Maduro,,,
2023,CABURÉ LESTE,Recôncavo,BA,213727.74380000003,972610000.0,1383.7582,9928900.0,0.0064743967039434,Não Maduro,,,
2023,CAÇÃO,Espírito Santo,ES,52205423.0,960797000.0,17475463.43837,492394197.0,0.3347442168674698,Maduro,,,
2023,CACHALOTE,Campos,ES,40191885.9,255600000.0,0.0,0.0,0.0,Não Maduro,,,
2023,CACHOEIRINHA,Potiguar,RN,15233850.63209,696011000.0000001,161321990.3515,385220440.0,10.589705403286308,Maduro,,,
2023,CACIMBAS,Espírito Santo,ES,14522072.7117854,423404000.0,359525.5396,126523410.0,0.0247571780375556,Maduro,,,
2023,CAIOBA,Sergipe,SE,106901686.23771998,16632124469.999998,35626301.515300006,12108734146.000004,0.3332622970612166,Maduro,,,
2023,Camaçari,Recôncavo,BA,5591641.090000001,396720910.0,137293.97268,7895426.0,0.0245534308211473,Maduro,,,
2023,Camaçari,Recôncavo,BA,,169248000.0,,2924000.0,,Não Maduro,,,
2023,CAMARÃO,Camamu,BA,145294611.0,3546000000.0,0.0,0.0,0.0,Não Maduro,,,
2023,CAMARÃO NORTE,Camamu,BA,138251281.762,3263754000.0,0.0,0.0,0.0,Não Maduro,,,
2023,CAMARUPIM,Espírito Santo,ES,4895988.166898101,4622196923.47,1961703.68166,1633791136.0,0.4006757399707638,Maduro,,,
2023,CAMARUPIM NORTE,Espírito Santo,ES,11153011.7774959,10529318076.52,3872334.10612,3277724735.0,0.3472007546816583,Maduro,,,
2023,CAMBACICA,Recôncavo,BA,118367.93439,151764000.0,25941.1891792,25720135.57,0.219157234709602,Maduro,,,
2023,CAMORIM,Sergipe,SE,627213569.6798102,14015890069.999996,39332414.81254999,5324915826.0,0.0627097638092062,Maduro,,,
2023,CAMPAINHA AZUL,Potiguar,RN,14049611.495100005,70250180.0,0.0,0.0,0.0,Não Maduro,,,
2023,CAMPO GRANDE,Espírito Santo,ES,3157484.62,63982000.0,644076.5439999999,27751100.0,0.2039840637450199,Maduro,,,
2023,CANABRAVA,Recôncavo,BA,18737972.971,81628230.0,4959326.490700001,20622280.0,0.264667181363499,Maduro,,,
2023,CANAPU,Espírito Santo,ES,7575572.960199999,5114392150.000001,1133820.0200300002,2827061679.0,0.1496678899387257,Maduro,,,
2023,CANÁRIO,Recôncavo,BA,11326689.848,57624000.0,993214.9655698,11651665.35,0.087688016437139,Maduro,,,
2023,CANCÃ,Espírito Santo,ES,86661002.18,238236000.00000003,6089856.9401,16697400.000000002,0.0702721730294672,Maduro,,,
2023,CANDEIAS,Recôncavo,BA,407606800.7291898,5267709000.000001,111339636.09965132,6605047649.09,0.2731545104263958,Maduro,,,
2023,CANGOÁ,Espírito Santo,ES,4614877.62567,1692132000.0,232223.0559012,800552591.3000001,0.0503205230425769,Maduro,,,
2023,CANTAGALO,Recôncavo,BA,5334337.542520001,1037755000.0,191998.4629892,366219918.9,0.0359929347287794,Maduro,,,
2023,CANTO DO AMARO,Potiguar,RN,1303410909.0979998,686616400.0000001,295544200.7853337,279485869.81000006,0.2267467601524521,Maduro,,,
2023,CARAPANAÚBA,Solimões,AM,2358710.19905,3052300000.0,121626.93654340002,146395883.77,0.0515650191330782,Maduro,,,
2023,CARAPEBA,Campos,RJ,916809247.0024,5177514840.0,269257986.5945077,979619634.22,0.2936903041443722,Maduro,,,
2023,CARAPITANGA,Sergipe,SE,1239721.551,26250000.0,349754.948746,9647623.9,0.2821237950279046,Maduro,,,
2023,CARATINGA,Campos,RJ,2524635386.85,31780930400.0,319162587.7875889,4571975789.62,0.1264192799681104,Maduro,,,
2023,CARCARÁ,Potiguar,RN,11956614.3195,38019000.00000001,28518.627521,999392.7,0.002385175833136,Maduro,,,
2023,CARDEAL,Potiguar,RN,17653414.74289,25260021.0,1472401.750292,2106838.8,0.0834060589260792,Não Maduro,,,
2023,CARDEAL AMARELO,Recôncavo,BA,,884880000.0,,2227999.9999999995,,Não Maduro,,,
2023,CARDEAL DO NORDESTE,Recôncavo,BA,20025056.7913,1907690010.0,26322.854850000003,239945671.0,0.0013144958900409,Não Maduro,,,
2023,CARDEAL DO NORDESTE LESTE,Recôncavo,BA,,109752220.0,,0.0,,Não Maduro,,,
2023,CARMÓPOLIS,Sergipe,SE,1728175615.9800005,5037913100.000001,400091169.6582898,2443187.1299999994,0.2315107133550251,Maduro,,,
2023,CASSARONGONGO,Recôncavo,BA,142042779.23,554556760.0,32633043.83440001,260958179.0,0.2297409555860603,Maduro,,,
2023,CASTANHAL,Sergipe,SE,176108390.19,226807240.0,3236091.8978636004,5691850.87,0.0183755691274688,Maduro,,,
2023,CATUÁ,Campos,ES,993789980.0,24964000000.0,0.0,0.0,0.0,Não Maduro,,,
2023,CAVALA,Sergipe,SE,575681150.06,39216145220.0,195326.9675431,11874101.0,0.0003392971396106,Maduro,,,
2023,CAXAREU,Campos,ES,190367389.46,7263840000.0,0.0,0.0,0.0,Não Maduro,,,
2023,CEXIS,Recôncavo,BA,128651837.4557753,7755601500.0,17302083.1274713,3974988021.75,0.1344876487552615,Maduro,,,
2023,CHERNE,Campos,RJ,1003331621.77,6207119570.0,298884097.6318,3044065856.0,0.2978916353742861,Maduro,,,
2023,CIDADE DE ARACAJU,Sergipe,SE,1496974.78,3346000.0,177933.69305200002,679862.3099999999,0.1188621848739495,Maduro,,,
2023,CIDADE DE ENTRE RIOS,Recôncavo,BA,51205343.21,377682000.0,13007638.7400855,48903517.32,0.2540289337919174,Maduro,,,
2023,CIOBA,Potiguar,RN,23794351.23,28372500.0,1914580.42514,2878506.0,0.0804636531853026,Maduro,,,
2023,COLIBRI,Potiguar,RN,1535921.28352,2197728.0,103975.591148,148777.2,0.0676959114139693,Maduro,,,
2023,CONCEIÇÃO,Tucano Sul,BA,5238851.307928999,2804708508.2,265942.9789036,1766137821.1,0.0507636050866905,Maduro,,,
2023,CONCRIZ,Potiguar,RN,4873030.297499999,57480850.0,42525.40541,451965.0,0.0087266860277508,Não Maduro,,,
2023,CONGRO,Campos,RJ,1889389736.09,51833807500.0,25416650.474250004,484587197.0,0.013452306842128,Maduro,,,
2023,COQUEIRO SECO,Alagoas,AL,13799843.14,127728000.0,814728.0208302,26956009.94,0.0590389334548769,Maduro,,,
2023,CÓRREGO DOURADO,Espírito Santo,ES,9132804.12,29040000.0,591053.4456999999,1703980.0,0.0647176308539944,Maduro,,,
2023,CORVINA,Campos,RJ,314006184.63,3287422360.0,123993081.29787,1369256538.0,0.3948746469563127,Maduro,,,
2023,CREJOÁ,Espírito Santo,ES,14447693.570000002,11485000.0,23037.687087,13333.4,0.001594558119286,Não Maduro,,,
2023,CUPIÚBA,Solimões,AM,2694542.0243799994,2662187000.0,289104.00916470005,301983681.67999995,0.10729244767716,Maduro,,,
2023,CURIMÃ,Ceará,CE,106113396.93004,2358547373.0,45423089.42795,1457830428.0000002,0.4280617786451339,Maduro,,,
2023,DENTÃO,Potiguar,RN,12284005.219810002,1359452560.0000002,463275.95555,121729045.0,0.0377137543708374,Maduro,,,
2023,DOM JOÃO,Recôncavo,BA,154307908.73000002,223846600.0,29345688.475482,63589092.510000005,0.1901761790241715,Maduro,,,
2023,DÓ-RÉ-MI,Sergipe,SE,,20305000.0,,0.0,,Não Maduro,,,
2023,DOURADO,Sergipe,SE,74821095.28505,1522767720.0,12473120.93708,742646053.0000001,0.1667059388740631,Maduro,,,
2023,ENCHOVA,Campos,RJ,910261574.6681998,13854430300.2,170382972.2632758,5417200380.84,0.1871802314904726,Maduro,,,
2023,ENCHOVA OESTE,Campos,RJ,353818650.2584719,5069281118.290001,40422088.480234906,928218914.22,0.1142452170079381,Maduro,,,
2023,ESPADA,Ceará,CE,219162642.8248,1667951320.0,26608852.510699995,324547137.99999994,0.1214114420584501,Maduro,,,
2023,ESPADARTE,Campos,RJ,2822111950.8,16936893320.0,188807716.40726373,1901426715.4,0.0669029860256753,Maduro,,,
2023,ESPADIM,Campos,RJ,12673432.51615,261938911.00000003,11474.7519754,361632.0,0.0009054178464103,Não Maduro,,,
2023,ESTREITO,Potiguar,RN,838740697.65511,492963872.0,113578374.0224746,72127118.01,0.1354153605995377,Maduro,,,
2023,FAZENDA ALEGRE,Espírito Santo,ES,247717877.04,655968000.0000001,60144735.67250001,240461270.0,0.2427952975827747,Maduro,,,
2023,FAZENDA ALTO DAS PEDRAS,Recôncavo,BA,1666799.65,121500000.0,94535.8443,75274050.0,0.0567169811320754,Maduro,,,
2023,FAZENDA ALVORADA,Recôncavo,BA,79610125.17000002,195997600.0,23629382.219116203,82401340.38,0.2968137805167101,Maduro,,,
2023,FAZENDA AZEVEDO,Recôncavo,BA,9566801.01,317106700.00000006,1023920.3084354,56488725.31000001,0.1070284944115713,Maduro,,,
2023,FAZENDA BÁLSAMO,Recôncavo,BA,195078457.15,1078113979.9999998,55762521.6410236,537810941.86,0.2858466406577462,Maduro,,,
2023,FAZENDA BELÉM BA,Recôncavo,BA,23295688.80339,1032409280.0,3820807.9826,302385867.99999994,0.1640135226241515,Maduro,,,
2023,FAZENDA BELÉM CE,Potiguar,CE,536193722.88,440127000.0,32539009.6024475,34431201.14,0.0606851744322447,Maduro,,,
2023,FAZENDA BOA ESPERANÇA,Recôncavo,BA,103561721.65,953752170.0,33541335.6093947,315742708.3,0.3238777327664743,Maduro,,,
2023,FAZENDA CANAAN,Potiguar,RN,9208281.84,1464000.0,676761.2271744999,166942.55000000002,0.0734948428961748,Maduro,,,
2023,FAZENDA CEDRO,Espírito Santo,ES,50520634.49340001,634404000.0000002,22115726.737200007,336040260.0000001,0.437756314008471,Maduro,,,
2023,FAZENDA CURRAL,Potiguar,RN,4937500.850000001,30590000.0,1599687.3773,9131320.0,0.3239872611464968,Maduro,,,
2023,FAZENDA GUINDASTE,Alagoas,AL,28253.82652,75485283.0,4707.9856831,1699834.9800000002,0.1666317898486197,Não Maduro,,,
2023,FAZENDA IMBÉ,Recôncavo,BA,186928599.37756,3289226844.0000005,51936179.9464837,1765054063.7099998,0.2778396677631043,Maduro,,,
2023,FAZENDA MALAQUIAS,Potiguar,RN,25763061.76,28600200.0,8309153.500500001,8480290.0,0.32252197265625,Maduro,,,
2023,FAZENDA MATINHA,Tucano Sul,BA,39757.889010000006,126412723.6,6379.8800792,36081660.900000006,0.1604682803353899,Não Maduro,,,
2023,FAZENDA ONÇA,Recôncavo,BA,33141008.89,89415820.0,876673.7178,5237660.0,0.0264528373505409,Maduro,,,
2023,FAZENDA PANELAS,Recôncavo,BA,34688302.15,2101201550.0,12406969.9989404,1116874336.1,0.3576701432456936,Maduro,,,
2023,FAZENDA PAU BRASIL,Alagoas,AL,3755783.92682,89227000.0,643178.1075396,28942529.52,0.1712500293072437,Maduro,,,
2023,FAZENDA POCINHO,Potiguar,RN,271417881.12,682351600.0,54589077.0130575,129649494.40999998,0.2011255735539488,Maduro,,,
2023,FAZENDA RIO BRANCO,Recôncavo,BA,3019423.2905,31203000.0,711738.7347883001,13588647.32,0.235720091657119,Maduro,,,
2023,FAZENDA SANTA LUZIA,Espírito Santo,ES,54538942.51,783113000.0,10684059.9603,271357080.0,0.1958978203206089,Maduro,,,
2023,FAZENDA SANTA ROSA,Tucano Sul,BA,298496.95982630004,260530000.0,86700.75377920001,132819210.6,0.2904577447946287,Não Maduro,,,
2023,FAZENDA SANTO ESTEVÃO,Recôncavo,BA,13187436.6070253,109460000.0,5249598.0143969,23933332.82,0.3980756966520922,Maduro,,,
2023,FAZENDA SÃO JORGE,Espírito Santo,ES,110469631.27869998,418541050.0,5958368.46205,29039850.0,0.0539367099634635,Maduro,,,
2023,FAZENDA SÃO RAFAEL,Espírito Santo,ES,57627239.220000006,1275321000.0,18165914.7515,702659980.0,0.3152313905260859,Maduro,,,
2023,FAZENDA SORI,Recôncavo,BA,,101185000.0,,16487977.0,,Maduro,,,
2023,FAZENDA SORI,Recôncavo,BA,6748966.13,208430000.0,0.0,16500000.0,0.0,Não Maduro,,,
2023,FOZ DO VAZA-BARRIS,Sergipe,SE,239012.78,3390000.0,61514.3418,187907.3,0.2573684210526316,Não Maduro,,,
2023,FRADE,Campos,RJ,1167207606.2657928,10632956954.13,139126636.1921525,1614441252.79,0.1191961356705475,Não Maduro,,,
2023,FURADO,Alagoas,AL,119077056.375134,18490297626.700005,32943871.02325981,13274051063.369995,0.2766601058685495,Maduro,,,
2023,GALO DE CAMPINA,Potiguar,RN,39376097.543,1722267799.9999998,548519.7377408,30542388.93,0.0139302717122182,Não Maduro,,,
2023,GARÇA BRANCA,Espírito Santo,ES,4780255.600000001,12388000.0,0.0,0.0,0.0,Não Maduro,,,
2023,GAROUPA,Campos,RJ,666631802.6600001,9582947699.999998,142395096.64734,3426435224.0,0.2136038155982865,Maduro,,,
2023,GAROUPINHA,Campos,RJ,82968883.71,622484999.9999999,26912876.76686,210404698.0,0.3243731331968766,Maduro,,,
2023,GAVIÃO AZUL,Parnaíba,MA,28841.923755,3057000000.0,2902.118334,300700219.42,0.1006215243702976,Não Maduro,,,
2023,GAVIÃO BELO,Parnaíba,MA,1088766.111,5770000000.0,248.9506798,1419930.1900000002,0.0002286539572501,Não Maduro,,,
2023,GAVIÃO BRANCO,Parnaíba,MA,83544.40132499998,8855000000.0,25430.6453015,3708253351.46,0.3043967626576322,Não Maduro,,,
2023,GAVIÃO BRANCO NORTE,Parnaíba,MA,4972.094805,527000000.0,0.0,12040.0,0.0,Não Maduro,,,
2023,GAVIÃO CABOCLO,Parnaíba,MA,58985.83817999999,5210000000.0,30697.480603100004,2560849561.21,0.5204211985497975,Não Maduro,,,
2023,GAVIÃO CARIJÓ,Parnaíba,MA,50570.072400000005,2680000000.0,69.5652986,291951.81,0.0013756218905472,Não Maduro,,,
2023,GAVIÃO MATEIRO,Parnaíba,MA,120921.59725,7690000000.0,15.2842383,421712.0,0.0001263979193758,Não Maduro,,,
2023,GAVIÃO PRETO,Parnaíba,MA,481749.12752,9574000000.0,3844.5205663000006,331930840.0,0.0079803373720493,Não Maduro,,,
2023,GAVIÃO REAL,Parnaíba,MA,97567.53272,11080000000.0,55546.1926834,7854841418.58,0.5693102114492006,Maduro,,,
2023,GAVIÃO TESOURA,Parnaíba,MA,757293.124,4300000000.0,1224.4373127,25266232.95,0.0016168604651162,Não Maduro,,,
2023,GAVIÃO VERMELHO,Parnaíba,MA,25662.424800000004,2550000000.0,14169.683968,1763713826.4299998,0.552156862745098,Maduro,,,
2023,GOIÁ,Santos,SP,174345786.41841158,3171829579.24,0.0,0.0,0.0,Não Maduro,,,
2023,GOLFINHO,Espírito Santo,ES,651324101.9220437,14498275700.0,159821648.63620698,3493482462.2000003,0.2453796015909386,Maduro,,,
2023,GOMO,Recôncavo,BA,26858243.4772,263144000.0,11637814.9851595,26214787.0,0.4333051413075043,Maduro,,,
2023,GRAÚNA,Potiguar,RN,,125305300.0,,639200.0,,Maduro,,,
2023,GUAJÁ,Potiguar,RN,15630.17785,13880000.0,0.0,0.0,0.0,Não Maduro,,,
2023,GUAMARÉ,Potiguar,RN,86827763.91253,596376130.0,9384189.5223529,252298215.91999996,0.108078212538175,Maduro,,,
2023,GUANAMBI,Recôncavo,BA,18800242.09,211389100.0,421704.2740303,6805973.029999999,0.0224307895617263,Maduro,,,
2023,GUARÁ,Sergipe,SE,185965616.1321628,,33.6504835,,1.809500282895583e-07,Maduro,,,
2023,GUARICEMA,Sergipe,SE,196811368.99291003,5856464386.999998,72669489.65987001,6554818569.999999,0.369234206497938,Maduro,,,
2023,HARPIA,Sergipe,SE,162467622.63471,120061000.0,5044.42762,3015.0,3.10488178394893e-05,Não Maduro,,,
2023,ICAPUÍ,Potiguar,CE,3352468.7300000004,2665000.0,222390.699113,193299.44,0.0663363977485928,Maduro,,,
2023,ILHA DA CAÇUMBA,Mucuri,BA,6119985.13,24714200.0,1645175.28322,6437297.0,0.2688201438848921,Maduro,,,
2023,ILHA DE BIMBARRA,Recôncavo,BA,56545.3919,112370000.0,12422.37475,99982028.0,0.2196885428253615,Maduro,,,
2023,ILHA PEQUENA,Sergipe,SE,11040383.98661,207862149.0,1851207.7589755,103594866.45000002,0.1676760302196628,Maduro,,,
2023,INHAMBU,Espírito Santo,ES,100171514.06,159260000.0,6565806.8628,9241470.0,0.0655456486248901,Maduro,,,
2023,IRAÍ,Tucano Sul,BA,,320010000.0,,56785573.62,,Não Maduro,,,
2023,IRARA,Espírito Santo,ES,25557565.3647508,45509281.24,53824.10560350001,119334.22,0.0021059950286866,Não Maduro,,,
2023,IRAÚNA,Potiguar,RN,3799045.24,7893000.0,15661.6269,61390.0,0.0041225165562913,Não Maduro,,,
2023,IRERÊ,Potiguar,RN,856986.6125,22320000.0,53040.5210737,249481.81,0.0618918899082568,Não Maduro,,,
2023,ITAPARICA,Recôncavo,BA,44148176.39,1491590682.23,1534290.6502774998,773140475.0,0.0347532055848411,Maduro,,,
2023,ITAPU,Santos,RJ,1057945532.52539,14465193034.0,25892868.279957894,355584387.3,0.0244746704663989,Não Maduro,,,
2023,ITAPU_ECO,Santos,RJ,988054182.75461,13509574966.0,16590234.1952118,233341797.34,0.0167908141929622,Não Maduro,,,
2023,JAÇANÃ,Potiguar,RN,26561867.63,168661000.0,1190094.9501000002,2071490.0,0.044804641250296,Maduro,,,
2023,JACUÍPE,Recôncavo,BA,11885646.39327,3613682000.0,171082.83199999997,2021214410.0,0.0143940704896682,Maduro,,,
2023,JACUMIRIM,Recôncavo,BA,13867986.94154,411599472.00000006,20989.09597,66740.0,0.0015134926257486,Não Maduro,,,
2023,JACUPEMBA,Espírito Santo,ES,9471327.98401,70467000.0,358.51917000000003,858.0,3.78531047182899e-05,Maduro,,,
2023,JACUTINGA,Espírito Santo,ES,164849630.29000002,564101299.9999999,6660342.7071,26312160.000000007,0.0404025334808653,Maduro,,,
2023,JANDUÍ,Potiguar,RN,19023278.7526,119974751.0,557717.4526999999,12805779.999999996,0.029317630254657,Maduro,,,
2023,JAPIIM,Amazonas,AM,276745.35019,661140000.0,0.0,0.0,0.0,Não Maduro,,,
2023,JEQUIÁ,Alagoas,AL,2849283.93,55219510.16,217536.4753474,1602287.67,0.076347770419426,Maduro,,,
2023,JIRIBATUBA,Camamu,BA,1886031.8581234,7255000.0,170374.1591073,384754.42,0.0903347196249495,Maduro,,,
2023,JOÃO DE BARRO,Potiguar,RN,5360754.744519999,66086299.99999999,213010.3280714,10216712.999999998,0.0397351377227522,Maduro,,,
2023,JUAZEIRO,Potiguar,RN,5012978.57,140604000.0,966762.66643,11445761.0,0.1928519447929736,Maduro,,,
2023,JUBARTE,Campos,ES,8444622384.171542,239169170430.00003,1172144594.4962778,25669287522.22,0.1388036718720929,Maduro,,,
2023,JURITI,Recôncavo,BA,842834.54,5240000.0,31952.2348,243450.0,0.037910447761194,Maduro,,,
2023,JURUÁ,Solimões,AM,1465009.96558,23420000000.0,0.0,0.0,0.0,Não Maduro,,,
2023,LAGOA AROEIRA,Potiguar,RN,4075796.88,12960000.0,888533.1545549999,1706219.2999999998,0.2180023148148148,Maduro,,,
2023,LAGOA BRANCA,Tucano Sul,BA,65061.79464,465545000.0,0.0,0.0,0.0,Não Maduro,,,
2023,LAGOA DO PAULO,Recôncavo,BA,12850081.83,145016000.00000003,1126001.7862,5085460.0,0.0876260401370533,Maduro,,,
2023,LAGOA DO PAULO NORTE,Recôncavo,BA,9620264.395,95400000.0,1454392.7663,10381090.0,0.1511801242236024,Maduro,,,
2023,LAGOA DO PAULO SUL,Recôncavo,BA,616401.38,7404000.0,77175.9687,416890.0,0.125204081632653,Maduro,,,
2023,LAGOA PARDA,Espírito Santo,ES,59281459.25000001,817967800.0,34269086.313499995,549009299.9999999,0.5780742705570291,Maduro,,,
2023,LAGOA PARDA NORTE,Espírito Santo,ES,26637911.4329,327854000.00000006,3980198.05781,111464200.0,0.1494185483661504,Maduro,,,
2023,LAGOA SURUACA,Espírito Santo,ES,24006468.78244,2366538640.0,9990608.4078,1563009380.0,0.4161631807801664,Maduro,,,
2023,Lagoa Verde,Recôncavo,BA,1421497.06,169927000.00000003,0.0,59776481.00000001,0.0,Maduro,,,
2023,LAGOSTA,Santos,SP,11158657.57385,4857447000.0,4354620.949496901,2492188693.44,0.3902459521387081,Maduro,,,
2023,LAMARÃO,Recôncavo,BA,18994358.206220005,2917529000.0,407437.0980073,1062498215.77,0.0214504272049517,Maduro,,,
2023,LAPA,Santos,SP,1106692093.2125835,22642262896.11,106221430.7066,3762730301.86,0.0959810152779288,Não Maduro,,,
2023,LEODÓRIO,Recôncavo,BA,924602.07,11264610.0,176160.4698168,1800894.16,0.1905257142857143,Maduro,,,
2023,LESTE DE POÇO XAVIER,Potiguar,RN,17561979.77492,349398164.99999994,6344745.200540001,221935219.00000003,0.3612773321605139,Maduro,,,
2023,LESTE DO URUCU,Solimões,AM,436894605.467,55195475300.0,170404668.01939932,47123927009.63,0.3900360999817163,Maduro,,,
2023,LINGUADO,Campos,RJ,737291909.6140784,10720400000.000002,150697386.7700661,4439346802.84,0.2043931105238166,Maduro,,,
2023,LIVRAMENTO,Potiguar,RN,71188069.58,1591573250.0000002,16172548.166299997,676955600.0,0.227180597278671,Maduro,,,
2023,LORENA,Potiguar,RN,95467968.98276004,3191247500.0,9976707.927700002,1507194299.9999995,0.104503196559064,Maduro,,,
2023,MAÇARICO,Potiguar,RN,6038267.91848,9871000.0,27360.6735,55000.0,0.004531212239898,Maduro,,,
2023,MACAU,Potiguar,RN,178713786.73725003,1003460219.0,36911450.9674326,196228249.0,0.2065394709681847,Maduro,,,
2023,MÃE-DA-LUA,Recôncavo,BA,674999.8916802,0.0,27764.101913400005,53580.79,0.0411320094352756,Maduro,,,
2023,MALHADO,Campos,RJ,151678768.15000004,2074139640.0,44389686.22457,622979362.0,0.2926558988181629,Maduro,,,
2023,MALOMBÊ,Recôncavo,BA,38537665.870000005,171966240.00000003,11511246.5222877,42163005.74,0.2987011865513301,Maduro,,,
2023,MANATI,Camamu,BA,4206970.86755,40147349000.0,2629842.1454074,27799507968.09,0.6251153688019078,Maduro,,,
2023,MANDACARU,Recôncavo,BA,38546672.87792,2852857800.0,517220.0707283,319614986.67,0.0134180211186156,Maduro,,,
2023,MANGANGÁ,Campos,ES,93170955.53,3555120000.0,0.0,0.0,0.0,Não Maduro,,,
2023,MANJUBA,Campos,RJ,41302880.19954,1477492650.0,0.0,0.0,0.0,Não Maduro,,,
2023,MARIMBÁ,Campos,RJ,1064311680.5656018,14147700000.0,410460245.9345877,5996247335.87,0.385657935950171,Maduro,,,
2023,MARIRICU OESTE,Espírito Santo,ES,4522373.390000001,19835000.0,50356.21885999999,372436.0,0.011134909596662,Maduro,,,
2023,MARLIM,Campos,RJ,6722783368.08813,80870764149.0,2638787356.3844366,36166308316.96,0.3925141138580034,Maduro,,,
2023,MARLIM LESTE,Campos,RJ,5314996376.77,73516316440.0,497638921.3032284,8576759871.350001,0.0936292117673372,Maduro,,,
2023,MARLIM SUL,Campos,RJ,7689146442.888833,121993583616.0,1441607926.719289,28102767683.47,0.1874860802075806,Maduro,,,
2023,MAROMBA,Campos,RJ,2091215087.1291971,9621455112.0,0.0,0.0,0.0,Não Maduro,,,
2023,MASSAPÊ,Recôncavo,BA,185002741.32309,3397348000.0,7811688.4650197,1170366994.97,0.0422247173698757,Maduro,,,
2023,MASSUÍ,Recôncavo,BA,16904851.87517,603768500.0,630610.0607900001,124376973.0,0.0373034952004664,Maduro,,,
2023,MATA DE SÃO JOÃO,Recôncavo,BA,79807883.08621001,1572044039.9999998,15155548.787400002,1242859362.9999998,0.1899003983231667,Maduro,,,
2023,MATO GROSSO,Sergipe,SE,51101183.9564,687130970.0,7608154.176,225411351.93,0.1488841077046541,Maduro,,,
2023,MERLUZA,Santos,SP,40366887.28363,12544678000.0,14533927.8714696,8016987221.55,0.3600457912285832,Maduro,,,
2023,MERO,Santos,RJ,9524565143.41373,347679843577.0,147092713.13836828,9612787556.75,0.0154435095905752,Não Maduro,,,
2023,MEXILHÃO,Santos,SP,66429356.57925,70737700000.0,19027117.6752354,25751799938.64,0.286426343036096,Maduro,,,
2023,MIRANGA,Recôncavo,BA,659076797.3785,31514715300.0,224209334.7764,21707482270.000004,0.3401869640506237,Maduro,,,
2023,MIRANGA NORTE,Recôncavo,BA,20365083.9199,1108282309.9999998,5608246.1884,644115029.0,0.2753853708856967,Maduro,,,
2023,MONTE ALEGRE,Potiguar,RN,44380899.36000001,138160499.99999997,7355093.168263101,11810961.659999998,0.165726546201814,Maduro,,,
2023,MORÉIA,Campos,RJ,142313241.06,1052721400.0,20828190.05058,217903000.0,0.1463545478652877,Maduro,,,
2023,MORRO DO BARRO,Camamu,BA,557906147.0,81700000.0,0.0,31767951.65,0.0,Não Maduro,,,
2023,MOSQUITO,Espírito Santo,ES,1920417.36882,45217000.00000001,86239.58491000002,781418.0,0.0449066886762172,Maduro,,,
2023,MOSQUITO NORTE,Espírito Santo,ES,1138455.61,538837000.0,113.21658,427.0,9.94475138121547e-05,Maduro,,,
2023,MOSSORÓ,Potiguar,RN,44217364.3,11514000.000000004,6539169.3916538,2177824.79,0.1478869103840682,Maduro,,,
2023,MURIQUI,Espírito Santo,ES,3690783.3320313,5700075.88,443.4316050000001,353.39,0.0001201456615324,Não Maduro,,,
2023,MURUCUTUTU,Recôncavo,BA,1763788.2057094998,2020180000.0,3408.8254276,5597900.0,0.0019326727645447,Não Maduro,,,
2023,NAMORADO,Campos,RJ,799132940.1199999,15463458970.0,426795554.4449901,9844071013.0,0.534073284954192,Maduro,,,
2023,NATIVO OESTE,Espírito Santo,ES,48519594.34,131138000.0,196355.28858,458544.0,0.0040469276639875,Maduro,,,
2023,NEON,Santos,SP,267118279.96898755,4699516258.2,0.0,0.0,0.0,Não Maduro,,,
2023,NORDESTE DE NAMORADO,Campos,RJ,26731692.5,952000000.0,5590137.82541,726277595.0,0.2091202352941176,Maduro,,,
2023,NORDESTE DE SAPINHOÁ,Santos,SP,181723303.577,4721192697.0,1044783.1050206,43766499.7,0.0057493072404877,Não Maduro,,,
2023,NOROESTE DE SAPINHOÁ,Santos,SP,60552629.851,1573164411.0,5021578.438518699,210358175.35,0.0829291551973075,Não Maduro,,,
2023,NORTE DE BERBIGÃO,Santos,RJ,187743425.39363,2238661725.0,0.0,0.0,0.0,Não Maduro,,,
2023,NORTE DE FAZENDA CARUAÇU,Recôncavo,BA,66282017.77999999,1073657880.0,3837916.2658,510115532.0,0.0579028278610742,Maduro,,,
2023,NORTE DE SURURU,Santos,RJ,232695294.83600003,5512344400.0,0.0,0.0,0.0,Não Maduro,,,
2023,OESTE DE ATAPU,Santos,RJ,1684774146.96377,41839375396.0,26290225.642949697,942803434.39,0.0156045994000613,Não Maduro,,,
2023,OESTE DE UBARANA,Potiguar,RN,40054044.71385,5245130000.0,1279768.77127,395245788.0,0.0319510496483636,Maduro,,,
2023,OLIVA,Santos,RJ,347688117.18,2955000000.0,0.0,0.0,0.0,Não Maduro,,,
2023,OSTRA,Campos,ES,412032873.48,2331920000.0,102809510.063499,1123078770.0,0.2495177367649753,Maduro,,,
2023,PAJEÚ,Potiguar,RN,50173814.370000005,63816000.0,7796156.5969,9213590.0,0.1553829760561614,Maduro,,,
2023,PALOMBETA,Sergipe,SE,188725749.05,9167427650.0,0.0,0.0,0.0,Não Maduro,,,
2023,PAMPO,Campos,RJ,1801270289.4996903,16216860000.0,351725019.5732087,4973144484.0,0.1952649869503491,Maduro,,,
2023,PAPA-TERRA,Campos,RJ,1909020233.1,11758159470.0,54843325.3482281,360430741.0,0.0287285196863365,Não Maduro,,,
2023,PARAMIRIM DO VENCIMENTO,Recôncavo,BA,2219999.9498523,,234424.992586,,0.10559684589254,Maduro,,,
2023,PARATI,Campos,RJ,21857089.75,318100000.0,9908155.28851,170938958.0,0.4533153956834533,Maduro,,,
2023,PARDAL,Potiguar,RN,1855493.95,47840000.0,38430.7391,6724390.0,0.0207118644067796,Maduro,,,
2023,PARGO,Campos,RJ,378192940.9028,2313639430.0,74479057.5557854,433805670.62,0.1969340236176628,Maduro,,,
2023,PARIRI,Recôncavo,BA,452866.32,3600000.0,54082.931285000006,70758.22,0.1194236111111111,Maduro,,,
2023,PARU,Alagoas,AL,4635589.97,3782000000.0,3457661.9025678,2765276815.33,0.7458946811397558,Maduro,,,
2023,PATATIVA,Potiguar,RN,5057007.24,59840500.0,649548.6787,4037649.999999999,0.1284452736318408,Maduro,,,
2023,PATURI,Potiguar,RN,9856132.27,20759000.0,764023.2207,1829000.0,0.0775175494575622,Não Maduro,,,
2023,PEDRA SENTADA,Potiguar,RN,147219.29286000002,64318000.0,56752.5782414,41836580.69,0.3854968811415876,Maduro,,,
2023,PEDRINHAS,Recôncavo,BA,3412159.0269000004,108795000.0,88705.69361480001,68328972.0,0.025996940035761,Maduro,,,
2023,PEREGRINO,Campos,RJ,4031422270.45,9530710700.0,250721890.296,403773900.0,0.0621919197435037,Não Maduro,,,
2023,PERIQUITO,Potiguar,RN,5468367.10381,214388540.0,9032.16716,1057588.0,0.0016517119257971,Não Maduro,,,
2023,PERIQUITO NORDESTE,Potiguar,RN,5845372.0254,107862252.0,9230.925156,1395136.0000000002,0.0015791852282264,Não Maduro,,,
2023,PERIQUITO NORTE,Potiguar,RN,2053937.4555000004,20066000.0,0.0,7480210.93,0.0,Maduro,,,
2023,PEROÁ,Espírito Santo,ES,5927592.42172,12717490000.0,3729900.9183833,9841286327.3,0.6292438232959683,Maduro,,,
2023,PESCADA,Potiguar,RN,43946889.89038,7650749245.999999,6553384.1735595,2912290431.25,0.1491205450466709,Maduro,,,
2023,PIAÇABUÇU,Alagoas,AL,1810836.2990000003,37200000.0,142778.68699999998,5841100.000000001,0.0788468218131295,Não Maduro,,,
2023,PILAR,Alagoas,AL,227451006.9307973,30422403091.6,50345875.4561493,10705559532.999998,0.2213482197133872,Maduro,,,
2023,PINAÚNA,Camamu,BA,187750828.5,4814000000.0,0.0,0.0,0.0,Não Maduro,,,
2023,PINTASSILGO,Potiguar,RN,18146101.85,2885000.0,2304989.1834324,619822.2000000001,0.1270239306759098,Maduro,,,
2023,PIRAMBU,Campos,ES,180806878.26,6770240000.0,0.0,0.0,0.0,Não Maduro,,,
2023,PIRANEMA,Sergipe,SE,127249146.11,6748313999.999999,25515010.52303,6147461736.0,0.2005122337007562,Maduro,,,
2023,PIRANEMA SUL,Sergipe,SE,25159240.0,1160000000.0,4685.90845,182715.0,0.00018625,Maduro,,,
2023,PIRAÚNA,Campos,RJ,170352979.30429077,2088283000.0,97655580.3107945,1038906298.93,0.5732543141283046,Maduro,,,
2023,PITANGOLA,Campos,RJ,149785535.34,546836100.0,1142858.4770000002,5395100.0,0.0076299655664735,Não Maduro,,,
2023,PITIGUARI,Potiguar,RN,4201593.08,269827000.0,1773.6006238000002,6177221.420000001,0.0004221257485029,Maduro,,,
2023,POÇO VERDE,Potiguar,RN,11529221.73,1833000.0,678990.7132271,138094.58,0.0588930223677032,Maduro,,,
2023,POJUCA NORTE,Recôncavo,BA,9591.96025,36298000.0,0.0,17621828.0,0.0,Maduro,,,
2023,POLVO,Campos,RJ,544857747.4607,1430074990.0,58117187.8067341,175770603.33000004,0.1066648828572012,Maduro,,,
2023,PONTA DO MEL,Potiguar,RN,39297648.7683484,784535370.0,2948821.6828044,220812479.96,0.0750381199696475,Maduro,,,
2023,PORTO CARÃO,Potiguar,RN,23850959.520000003,37920000.0,1307922.2124224002,1456773.01,0.054837299578059,Maduro,,,
2023,QUERERÁ,Tucano Sul,BA,5493945.245156,431785033.9,118637.9559333,279228703.9,0.0215943098519052,Maduro,,,
2023,RABO BRANCO,Sergipe,SE,122877728.16,1074480000.0,753441.4959484,12722990.0,0.0061316359541359,Não Maduro,,,
2023,REDONDA,Potiguar,RN,24429622.04,18098000.0,2401261.8958658,922780.05,0.0982930432543769,Maduro,,,
2023,REMANSO,Recôncavo,BA,80276882.76886,2032964281.0,19589550.346900005,1465493203.0000002,0.244024801053921,Maduro,,,
2023,RIACHO ALAZÃO,Potiguar,RN,566082.8999999999,3599999.9999999995,0.0,0.0,0.0,Não Maduro,,,
2023,RIACHO DA FORQUILHA,Potiguar,RN,120566267.01367,4406270000.0,32876333.685199987,2093273690.0,0.2726826872849303,Maduro,,,
2023,RIACHO OURICURI,Recôncavo,BA,26926676.610000003,268628470.0,5036451.008754199,37950736.88,0.1870431721560382,Maduro,,,
2023,RIACHO SÃO PEDRO,Recôncavo,BA,9667437.970000004,503649000.0,152150.5039,258986230.00000003,0.0157384515289525,Maduro,,,
2023,RIACHUELO,Sergipe,SE,182769298.98,199324730.00000003,50970387.2945519,104604190.29,0.2788782775827655,Maduro,,,
2023,RIO BARRA SECA,Espírito Santo,ES,3517444.156490001,1300941000.0,96032.81908,743647121.0,0.0273018745451326,Maduro,,,
2023,RIO DO BU,Recôncavo,BA,79314504.10000001,451592200.0,29949417.2720902,212585851.29,0.3776032846946867,Maduro,,,
2023,RIO DO CARMO,Potiguar,RN,170013.5643,3105000.0,1849.20414,820038.0,0.0108768035516093,Não Maduro,,,
2023,RIO DOCE,Espírito Santo,ES,1886943.0,41189000.0,124890.46736,2707762.0,0.0661866666666666,Maduro,,,
2023,RIO DOS OVOS,Recôncavo,BA,33203906.99,179428480.0,4614015.9217,26930850.000000004,0.1389600303087706,Maduro,,,
2023,RIO IBIRIBAS,Espírito Santo,ES,1427786.87,6810000.0,37455.81855,147159.0,0.0262334801762114,Maduro,,,
2023,RIO IPIRANGA,Espírito Santo,ES,76839652.55929999,1121637540.0000002,236182.3655,5591480.0,0.0030737042351633,Não Maduro,,,
2023,RIO ITARIRI,Recôncavo,BA,17215209.97,147280000.0,6317273.952180199,54626628.27,0.3669588673730361,Maduro,,,
2023,RIO ITAÚNAS,Espírito Santo,ES,44154466.2,406464000.0,7771437.6436,700495630.0,0.176005698005698,Maduro,,,
2023,RIO ITAÚNAS LESTE,Espírito Santo,ES,1710828.32,51655000.0,30002.3937,8885997.0,0.0175367647058823,Maduro,,,
2023,RIO JOANES,Recôncavo,BA,32593.79542,140001000.0,1547.29326,93089475.0,0.0474720185256657,Maduro,,,
2023,RIO JOANES,Recôncavo,BA,32078.031,173196000.0,1257.962,93089000.0,0.0392156862745098,Não Maduro,,,
2023,RIO MARIRICU,Espírito Santo,ES,27046183.0,115000000.0,1194615.7510375,22192050.0,0.044169476744186,Não Maduro,,,
2023,RIO MOSSORÓ,Potiguar,RN,3138615.19,14970000.0,716660.9514,8888760.0,0.2283366733466934,Maduro,,,
2023,RIO PRETO,Espírito Santo,ES,14862821.03,94520000.0,7925.1606,720.0,0.0005332204824375,Maduro,,,
2023,RIO SÃO MATEUS OESTE,Espírito Santo,ES,18303347.100000005,66175000.0,16517.04106,39979.0,0.0009024054982817,Maduro,,,
2023,RIO SUBAÚMA,Recôncavo,BA,2201433.5,18196000.0,505008.8449,1726750.0,0.2294,Maduro,,,
2023,RIO URUCU,Solimões,AM,313533385.90211004,43310038252.0,141087700.64042225,50280117205.37,0.4499925908511446,Maduro,,,
2023,ROLINHA,Potiguar,RN,3899682.2,6200000.0,13491.642450000005,19238.0,0.0034596774193548,Não Maduro,,,
2023,RONCADOR,Campos,RJ,10253277163.21,164510796630.0,1554596695.7764084,33572627041.41,0.1516194940437667,Maduro,,,
2023,SABIÁ,Potiguar,RN,15914452.10276,87164362.0,913783.5968,39376350.0,0.0574184766713724,Não Maduro,,,
2023,SABIÁ BICO-DE-OSSO,Potiguar,RN,66110117.2727,127010990.0,3193588.1293999995,47441210.0,0.0483071012599577,Não Maduro,,,
2023,SABIÁ DA MATA,Potiguar,RN,35627622.3754,94354310.0,1529178.6072,14185669.999999998,0.0429211523319574,Não Maduro,,,
2023,SAIRA,Espírito Santo,ES,16938458.33,26930000.0,45016.170170000005,37082.0,0.0026576308949127,Maduro,,,
2023,SALEMA,Campos,RJ,161654218.1157,3298527330.0,54192278.43678611,1138116161.94,0.3352357833186841,Maduro,,,
2023,SALEMA BRANCA,Potiguar,RN,47318240.63,1497325830.0,0.0,0.0,0.0,Não Maduro,,,
2023,SALGO,Sergipe,SE,18114652.8,135072000.0,3167944.57403,44621356.0,0.1748829861111111,Maduro,,,
2023,SALINA CRISTAL,Potiguar,RN,129516169.74868,641717000.0,29790235.0751007,370661047.0,0.2300117053562288,Maduro,,,
2023,SANHAÇU,Potiguar,RN,27529114.6118,3723442010.0,580099.741585,511601595.00000006,0.0210722266140861,Não Maduro,,,
2023,SANTANA,Recôncavo,BA,21385354.0,357000000.0,6239034.3766092,106893083.61,0.2917433294117647,Maduro,,,
2023,SÃO DOMINGOS,Recôncavo,BA,7774205.16,48982680.0,1313359.4386769,16409313.96,0.1689380987055016,Maduro,,,
2023,SÃO JOÃO,Barreirinhas,MA,9249719.10828,58000000.0,103192.1953125,654865.0,0.0111562517850002,Não Maduro,,,
2023,SÃO MATEUS LESTE,Espírito Santo,ES,107841723.50146,1800827300.0,19340977.0557,460480870.0000001,0.1793459565345147,Maduro,,,
2023,SÃO PEDRO,Recôncavo,BA,36540525.39880001,429250700.0,1993177.8909,97842020.0,0.0545470506826772,Maduro,,,
2023,SAPINHOÁ,Santos,SP,3459208692.643,89870646723.0,736485118.012608,30452175699.82,0.2129056623784957,Maduro,,,
2023,SARDINHA,Camamu,BA,69434080.58378,3458375540.0,0.0,0.0,0.0,Não Maduro,,,
2023,SAUÍPE,Recôncavo,BA,7503743.330000001,11930000.0,714368.8817379001,1135491.8199999998,0.0952016680637049,Maduro,,,
2023,SÉPIA,Santos,RJ,2076521263.60759,50991472243.0,50002764.3079101,1523765531.2700002,0.0240800637028099,Não Maduro,,,
2023,SÉPIA LESTE,Santos,RJ,786522600.68796,18216863859.0,14734663.5095298,464178259.65,0.018733935295237,Não Maduro,,,
2023,SÉPIA_ECO,Santos,RJ,4557731972.04246,111920579619.99998,60877582.5693616,1955385988.27,0.0133569904818427,Não Maduro,,,
2023,SERRA DO MEL,Potiguar,RN,5837742.485870001,43258960.0,120363.8797973,7658449.779999999,0.0206182235836259,Maduro,,,
2023,SERRA VERMELHA,Potiguar,RN,1157325.0399999998,6624000.0,173463.52508499997,452033.26,0.149883152173913,Maduro,,,
2023,SERRARIA,Potiguar,RN,32851677.63,234614140.00000003,10250264.4071181,83580418.64,0.3120164675473865,Maduro,,,
2023,SESMARIA,Recôncavo,BA,145061888.03,1730331000.0,8376517.3656,325483500.0,0.0577444391449507,Maduro,,,
2023,SIBITE,Potiguar,RN,2617189.941,12482999.999999998,246749.2463,9861429.999999998,0.0942802211006969,Não Maduro,,,
2023,SIRI,Potiguar,RN,1939978.67792,1585158700.0,0.0,0.0,0.0,Não Maduro,,,
2023,SIRIRIZINHO,Sergipe,SE,391657222.67930007,1255531351.0,84685184.1647,573342771.88,0.2162227051128394,Maduro,,,
2023,SOCORRO,Recôncavo,BA,15982407.21,325197919.99999994,3601228.7656589,897096764.0,0.2253245533254624,Maduro,,,
2023,SOCORRO EXTENSÃO,Recôncavo,BA,1561017.6254200002,815565000.0,190215.2389561,462508668.58,0.1218533576165878,Maduro,,,
2023,SUDOESTE DE SAPINHOÁ,Santos,SP,48737850.747,1266215067.0,8632536.030693201,361622019.79,0.1771218036573877,Não Maduro,,,
2023,SUDOESTE URUCU,Solimões,AM,28083989.07038,4782051984.000001,5308467.742684301,964574665.94,0.1890211440184296,Maduro,,,
2023,SUINDARA,Espírito Santo,ES,11429842.732,9085984.0,92289.0612699,73363.93,0.0080743946731234,Não Maduro,,,
2023,SUL DE BERBIGÃO,Santos,RJ,1002415793.98495,11952854625.0,12679515.7058915,296302010.0,0.0126489584282047,Não Maduro,,,
2023,SUL DE CORURIPE,Alagoas,AL,7201832.45,102020000.0,851215.082844,8432348.48,0.1181942358078602,Maduro,,,
2023,SUL DE SURURU,Santos,RJ,43716229.97806,1035598574.0,0.0,0.0,0.0,Não Maduro,,,
2023,SUL DE TUPI,Santos,RJ,1302938248.74593,42177944457.0,93196663.870413,3936680055.6,0.0715280743044532,Não Maduro,,,
2023,SURURU,Santos,RJ,5215306202.99987,123545961523.0,76649224.2844792,2689459488.7200003,0.0146969748852694,Não Maduro,,,
2023,SUSSUARANA,Recôncavo,BA,4976101.41397,720720600.0,376382.2304,488295720.0,0.0756379742067429,Maduro,,,
2023,TABUIAIÁ,Espírito Santo,ES,58116036.07962501,130452040.0,105668.808,585450.0,0.0018182383921577,Não Maduro,,,
2023,TABULEIRO DOS MARTINS,Alagoas,AL,26207675.84928,249095000.0,7320132.9576268,128743806.07,0.2793125571197076,Maduro,,,
2023,TAMBAÚ,Santos,RJ,39322124.68339,14559804390.000002,149015.0965131,714785454.11,0.0037895993086061,Maduro,,,
2023,TAMBUATÁ,Santos,RJ,192889603.27,5448605890.0,5540882.008809499,224177692.84,0.0287256643949522,Não Maduro,,,
2023,TANGARÁ,Recôncavo,BA,51553918.190390006,635622080.0000001,13592339.792176,1171677484.52,0.2636528952460824,Maduro,,,
2023,TAPIRANGA NORTE,Recôncavo,BA,60050703.013,1277104999.9999998,15482778.7314721,544009359.0,0.2578284342170037,Não Maduro,,,
2023,TAQUIPE,Recôncavo,BA,277462388.53,3336736119.9999995,116528273.5271206,2991768644.65,0.4199786289755854,Maduro,,,
2023,TARTARUGA,Sergipe,SE,17144198.0151,289825600.0,1655352.1958,27193440.0,0.096554659153028,Maduro,,,
2023,TARTARUGA VERDE,Campos,RJ,938634636.11,10143569250.0,165903421.3464121,1925274014.72,0.1767497330313406,Maduro,,,
2023,TARTARUGA VERDE SUDOESTE,Campos,RJ,64539740.41,611863430.0,13459679.4596249,138622697.39000002,0.2085487077282916,Maduro,,,
2023,TICO-TICO,Recôncavo,BA,421417.27,2010000.0,7337.7552441,14308.82,0.0174120895522388,Maduro,,,
2023,TIÊ,Recôncavo,BA,37095932.6671851,758795150.77,6791233.6532,158525250.0,0.1830721905317532,Não Maduro,,,
2023,TIGRE,Sergipe,SE,4075796.88,28265000.0,543355.8666289,9402040.3,0.1333127932098765,Maduro,,,
2023,TIRIBA,Recôncavo,BA,2130006.41764,11212502.840000002,55551.60192,292.0,0.0260804857017989,Não Maduro,,,
2023,TRÊS MARIAS,Potiguar,RN,15950958.159999996,28960960.0,2895514.0334999994,3482590.0000000005,0.181526025236593,Maduro,,,
2023,TRILHA,Campos,RJ,91378351.3774508,1679403000.0000002,22560376.2381103,852501827.09,0.2468897271403111,Maduro,,,
2023,TRINCA FERRO,Potiguar,RN,2204691.62158,25391300.0,197877.4226,9375260.0,0.0897528800232798,Maduro,,,
2023,TROVOADA,Recôncavo,BA,2559952.67,32347000.0,54937.024584900006,803319.2999999999,0.0214601719901719,Maduro,,,
2023,TUBARÃO MARTELO,Campos,RJ,428487016.44,1330000000.0,29642946.845923103,80385693.27000001,0.0691805018789266,Não Maduro,,,
2023,TUCANO,Espírito Santo,ES,40051140.33118441,200907712.9100001,56752.20085280001,127194.78,0.0014169933835469,Não Maduro,,,
2023,Tucano Grande,Tucano Sul,BA,2628.7631914000003,27470000.0,880.5734,9201870.0,0.3349763123893381,Não Maduro,,,
2023,TUPI,Santos,RJ,19665637706.73425,695792671439.0,2681691780.6502905,119655777915.32,0.1363643437676053,Não Maduro,,,
2023,UBARANA,Potiguar,RN,700118751.1,18436179010.000004,110818495.59035002,15342158223.000002,0.1582852843410295,Maduro,,,
2023,UIRAPURU,Recôncavo,BA,7633766.282319999,96314925.0,250743.3385481,16983051.64,0.032846609298064,Não Maduro,,,
2023,UPANEMA,Potiguar,RN,25155120.174450003,615151886.0,8983735.623000002,337507359.99999994,0.3571334806074495,Maduro,,,
2023,URUGUÁ,Santos,RJ,305825928.20583004,23693139000.000004,41695856.7727649,5072233071.92,0.1363385276630382,Maduro,,,
2023,URUTAU,Potiguar,RN,5346338.500000001,4240000.0,10322.4587834,11410.4,0.0019307529411764,Não Maduro,,,
2023,VALE DO QUIRICÓ,Recôncavo,BA,62898.1,750000.0,8740.0054855,106729.0,0.138955,Não Maduro,,,
2023,VARGINHA,Potiguar,RN,7769041.22599,353624899.99999994,2215082.3877,71902610.0,0.2851165701489419,Maduro,,,
2023,VERMELHO,Campos,RJ,449929230.3224001,2314496510.0000005,172348635.12873843,793843653.3800001,0.3830572088086847,Maduro,,,
2023,VIOLA,Campos,RJ,238836665.32,1522883199.9999998,47177449.52296001,359886058.0,0.1975301801327293,Maduro,,,
2023,VOADOR,Campos,RJ,538626332.05674,8037537918.0,82429780.949995,1237779096.9799998,0.1530370426474279,Maduro,,,
2023,WAHOO,Campos,ES,393395625.4005438,11999197000.0,0.0,0.0,0.0,Não Maduro,,,
2023,XARÉU,Ceará,CE,282726959.49999994,2109327999.9999995,40367314.99071,684863174.0000001,0.1427784427141268,Maduro,,,
